feature,coefficient
alcohol,0.3459148161315633
volatile_acidity,-0.2105814755430749
residual_sugar,0.17280081294861763
total_sulfur_dioxide,-0.1542389203328588
free_sulfur_dioxide,0.1328483573232219
sulphates,0.1253862092611071
density,-0.11457227421431222
fixed_acidity,0.052265718508176344
pH,0.046996797949877454
chlorides,-0.010456007328809289
citric_acid,-0.005380940329365857
